<subroutineDec>
  <keyword> function </keyword>
  <keyword> void </keyword>
  <identifier> main </identifier>
  <symbol> ( </symbol>
  <parameterList>
  </parameterList>
  <symbol> ) </symbol>
  <subroutineBody>
    <symbol> { </symbol>
    <varDec>
      <keyword> var </keyword>
      <identifier> Array </identifier>
      <identifier> a </identifier>
      <symbol> ; </symbol>
    </varDec>
    <varDec>
      <keyword> var </keyword>
      <keyword> int </keyword>
      <identifier> length </identifier>
      <symbol> ; </symbol>
    </varDec>
    <varDec>
      <keyword> var </keyword>
      <keyword> int </keyword>
      <identifier> i </identifier>
      <symbol> , </symbol>
      <identifier> sum </identifier>
      <symbol> ; </symbol>
    </varDec>
    <identifier> 	let </identifier>
  </subroutineBody>
</subroutineDec>
