<subroutineDec>
    <keyword> constructor </keyword>
    <identifier> Square </identifier>
    <identifier> new </identifier>
    <symbol> ( </symbol>
    <parameterList>
        <keyword> int </keyword>
        <identifier> Ax </identifier>
        <symbol> , </symbol>
        <keyword> int </keyword>
        <identifier> Ay </identifier>
        <symbol> , </symbol>
        <keyword> int </keyword>
        <identifier> Asize </identifier>
    </parameterList>
    <symbol> ) </symbol>
    <subroutineBody>
        <symbol> { </symbol>
        <statements>
            <letStatement>
                <keyword> let </keyword>
                <identifier> x </identifier>
                <symbol> = </symbol>
                <expression>
                    <term>
                        <identifier> Ax </identifier>
                    </term>
                </expression>
                <symbol> ; </symbol>
            </letStatement>
        </statements>
        <keyword> let </keyword>
    </subroutineBody>
</subroutineDec>
